List Name,Unit Name,Title,Color,Weapon,HP1-,ATK1-,SPD1-,DEF1-,RES1-,HP1,ATK1,SPD1,DEF1,RES1,HP1+,ATK1+,SPD1+,DEF1+,RES1+,HP40-,ATK40-,SPD40-,DEF40-,RES40-,HP40,ATK40,SPD40,DEF40,RES40,HP40+,ATK40+,SPD40+,DEF40+,RES40+,WHP,WATK,WSPD,WDEF,WRES,Possible,HP,ATK,SPD,DEF,RES
Abel,Abel,The Panther,Blue,Lance,16,6,7,7,5,17,7,8,8,6,18,8,9,9,7,35,30,29,22,22,39,33,32,25,25,42,36,35,28,29,0,8,-5,0,0,1,neutral,boon,boon,neutral,bane
Alfonse,Alfonse,Prince of Askr,Red,Sword,n/a,n/a,n/a,n/a,n/a,19,9,6,8,5,n/a,n/a,n/a,n/a,n/a,n/a,n/a,n/a,n/a,n/a,43,35,25,32,22,n/a,n/a,n/a,n/a,n/a,0,16,0,0,0,1,neutral,neutral,neutral,neutral,neutral
Alfonse (Spring),Alfonse,Spring Prince,Green,Axe,18,8,6,5,4,19,9,7,6,5,20,10,8,7,6,37,32,30,27,14,41,35,33,30,18,44,38,36,33,21,0,13,0,0,0,1,bane,boon,boon,neutral,bane
Alm,Alm,Hero of Prophecy,Red,Sword,20,8,5,5,4,21,9,6,6,5,22,10,7,7,6,42,30,27,24,19,45,33,30,28,22,48,36,33,31,25,0,16,0,0,0,1,boon,boon,boon,neutral,bane
Amelia,Amelia,Rose of the War,Green,Axe,18,5,7,8,3,19,6,8,9,4,20,7,9,10,5,44,31,31,32,20,47,34,34,35,23,50,37,37,38,27,0,14,0,0,0,1,neutral,boon,boon,boon,bane
Anna,Anna,Commander,Green,Axe,n/a,n/a,n/a,n/a,n/a,19,7,10,5,6,n/a,n/a,n/a,n/a,n/a,n/a,n/a,n/a,n/a,n/a,41,29,38,22,28,n/a,n/a,n/a,n/a,n/a,0,16,0,0,0,1,neutral,neutral,neutral,neutral,neutral
Arden,Arden,Strong and Tough,Red,Sword,n/a,n/a,n/a,n/a,n/a,25,10,3,13,3,n/a,n/a,n/a,n/a,n/a,n/a,n/a,n/a,n/a,n/a,60,36,16,41,16,n/a,n/a,n/a,n/a,n/a,0,8,-5,0,0,1,neutral,neutral,neutral,neutral,neutral
Ares,Ares,Black Knight,Red,Sword,17,7,7,6,4,18,8,8,7,5,19,9,9,8,6,36,33,26,30,14,40,36,30,33,18,43,39,33,36,21,0,16,0,0,0,1,neutral,boon,boon,neutral,bane
Arthur,Arthur,Hapless Hero,Green,Axe,18,7,6,7,4,19,8,7,8,5,20,9,8,9,6,40,29,25,26,21,43,32,29,30,24,46,35,32,33,27,0,12,0,0,0,1,neutral,boon,bane,boon,bane
Arvis,Arvis,Emperor of Flame,Red,Tome,n/a,n/a,n/a,n/a,n/a,18,8,7,4,7,n/a,n/a,n/a,n/a,n/a,n/a,n/a,n/a,n/a,n/a,33,34,31,17,33,n/a,n/a,n/a,n/a,n/a,0,14,0,0,0,1,neutral,neutral,neutral,neutral,neutral
Athena,Athena,Borderland Sword,Red,Sword,16,6,9,7,4,17,7,10,8,5,18,8,11,9,6,33,28,35,24,21,36,31,38,27,24,40,34,41,31,28,0,13,0,0,0,1,bane,boon,boon,neutral,bane
Ayra,Ayra,Astra's Wielder,Red,Sword,18,6,10,6,3,19,7,11,7,4,20,8,12,8,5,37,30,34,28,18,41,33,37,31,21,44,36,40,34,24,0,16,3,0,0,1,neutral,boon,boon,bane,bane
Azama,Azama,Carefree Monk,Colorless,Staff,18,3,6,7,5,19,4,7,8,6,20,5,8,9,7,40,18,23,29,22,43,21,26,32,25,46,24,30,35,29,0,10,0,0,0,1,neutral,bane,neutral,boon,bane
Azura,Azura,Lady of the Lake,Blue,Lance,16,4,6,3,5,17,5,7,4,6,18,6,8,5,7,33,28,30,18,24,36,31,33,21,28,40,34,36,24,31,0,12,0,0,0,1,bane,boon,boon,neutral,neutral
Azura (New Year),Azura,Celebratory Spirit,Green,Axe,14,5,8,4,3,15,6,9,5,4,16,7,10,6,5,33,27,32,19,22,37,30,35,22,26,40,33,38,25,29,0,14,0,0,0,1,bane,boon,boon,neutral,neutral
Azura (PA),Azura,Lady of Balads,Green,Axe,15,5,7,2,5,16,6,8,3,6,17,7,9,4,7,32,29,31,17,24,35,32,34,20,28,39,35,37,23,31,0,16,0,0,0,1,neutral,neutral,boon,bane,boon
Barst,Barst,The Hatchet,Green,Axe,19,8,7,5,3,20,9,8,6,4,21,10,9,7,5,43,30,29,27,13,46,33,32,30,17,49,36,35,33,20,0,8,-5,0,0,1,bane,neutral,boon,neutral,bane
Bartre,Bartre,Fearless Warrior,Green,Axe,20,9,5,6,2,21,10,6,7,3,22,11,7,8,4,46,33,22,30,10,49,36,25,33,13,52,39,29,36,16,0,12,0,0,0,1,neutral,boon,bane,neutral,bane
Berkut,Berkut,Prideful Prince,Blue,Lance,n/a,n/a,n/a,n/a,n/a,19,8,5,7,7,n/a,n/a,n/a,n/a,n/a,n/a,n/a,n/a,n/a,n/a,43,34,22,31,24,n/a,n/a,n/a,n/a,n/a,0,14,0,0,0,1,neutral,neutral,neutral,neutral,neutral
Beruka,Beruka,Quiet Assassin,Green,Axe,19,6,5,8,4,20,7,6,9,5,21,8,7,10,6,43,25,20,34,19,46,29,23,37,22,49,32,26,40,25,0,11,0,0,0,1,neutral,boon,bane,boon,bane
Black Knight,Black Knight,Sinister General,Red,Sword,n/a,n/a,n/a,n/a,n/a,22,10,8,9,5,n/a,n/a,n/a,n/a,n/a,n/a,n/a,n/a,n/a,n/a,48,34,34,35,18,n/a,n/a,n/a,n/a,n/a,0,16,0,0,0,1,neutral,neutral,neutral,neutral,neutral
Boey,Boey,Skillful Survivor,Green,Tome,18,6,4,7,4,19,7,5,8,5,20,8,6,9,6,40,25,23,29,14,43,29,27,32,18,46,32,30,35,21,0,10,0,0,0,1,bane,boon,neutral,neutral,neutral
Caeda,Caeda,Talys's Heart,Red,Sword,16,5,8,4,9,17,6,9,5,10,18,7,10,6,11,33,22,34,21,31,36,25,37,24,34,40,29,40,28,37,0,12,0,0,0,1,neutral,boon,boon,bane,neutral
Caeda (Bride),Caeda,Talys's Bride,Blue,Tome,15,6,8,3,7,16,7,9,4,8,17,8,10,5,9,30,25,34,16,26,33,29,37,19,30,36,32,40,22,33,0,12,0,0,0,1,neutral,boon,boon,bane,neutral
Cain,Cain,The Bull,Red,Sword,17,7,5,7,5,18,8,6,8,6,19,9,7,9,7,39,29,29,24,18,42,32,32,27,21,45,35,35,31,24,0,8,-5,0,0,1,bane,boon,boon,neutral,bane
Camilla,Camilla,Bewitching Beauty,Green,Axe,17,7,7,5,6,18,8,8,6,7,19,9,9,7,8,34,26,29,24,28,37,30,32,28,31,41,33,35,31,34,0,8,-5,0,0,1,bane,boon,boon,neutral,neutral
Camilla (New Year),Camilla,Holiday Traveler,Red,Sword,17,8,8,6,3,18,9,9,7,4,19,10,10,8,5,36,30,32,28,20,40,33,35,31,23,43,36,38,34,27,0,14,0,0,0,1,bane,boon,boon,neutral,bane
Camilla (Spring),Camilla,Spring Princess,Green,Tome,16,8,5,7,3,17,9,6,8,4,18,10,7,9,5,35,32,22,26,16,39,35,25,30,19,42,38,29,33,22,0,11,0,0,0,1,bane,boon,neutral,neutral,neutral
Camilla (Summer),Camilla,Tropical Beauty,Blue,Tome,16,6,9,5,3,17,7,10,6,4,18,8,11,7,5,35,30,33,20,16,39,33,36,23,19,42,36,39,26,22,0,12,0,0,0,1,neutral,boon,boon,neutral,bane
Camus,Camus,Sable Knight,Blue,Lance,n/a,n/a,n/a,n/a,n/a,18,8,9,7,4,n/a,n/a,n/a,n/a,n/a,n/a,n/a,n/a,n/a,n/a,42,32,33,31,17,n/a,n/a,n/a,n/a,n/a,0,16,0,0,0,1,neutral,neutral,neutral,neutral,neutral
Canas,Canas,Seeker of Wisdom,Red,Tome,n/a,n/a,n/a,n/a,n/a,17,10,5,4,9,n/a,n/a,n/a,n/a,n/a,n/a,n/a,n/a,n/a,n/a,36,32,29,21,33,n/a,n/a,n/a,n/a,n/a,0,10,0,0,0,1,neutral,neutral,neutral,neutral,neutral
Catria,Catria,Middle Whitewing,Blue,Lance,16,6,9,6,5,17,7,10,7,6,18,8,11,8,7,35,28,31,25,22,39,31,34,29,25,42,34,37,32,29,0,11,0,0,0,1,neutral,boon,boon,neutral,bane
Catria (Spring),Catria,Spring Whitewing,Blue,Tome,16,5,8,4,5,17,6,9,5,6,18,7,10,6,7,33,29,32,14,20,36,32,35,18,23,40,35,38,21,26,0,14,0,0,3,1,bane,boon,boon,bane,neutral
Cecilia,Cecilia,Eturian General,Green,Tome,16,7,5,4,6,17,8,6,5,7,18,9,7,6,8,33,29,22,19,25,36,32,25,22,29,40,35,29,25,32,0,11,0,0,0,1,bane,boon,neutral,neutral,neutral
Celica,Celica,Caring Princess,Red,Tome,16,7,6,4,6,17,8,7,5,7,18,9,8,6,8,35,29,30,19,19,39,32,33,22,22,42,35,36,25,25,0,14,0,0,0,1,neutral,boon,boon,bane,neutral
Celica (Fallen),Celica,Imprisoned Soul,Red,Sword,17,8,8,4,6,18,9,9,5,7,19,10,10,6,8,36,32,32,23,23,40,35,35,27,26,43,38,38,30,30,0,16,0,3,0,1,neutral,boon,boon,neutral,bane
Charlotte,Charlotte,Money Maiden,Blue,Lance,19,9,7,4,3,20,10,8,5,4,21,11,9,6,5,43,33,29,21,16,46,36,32,24,19,49,39,35,28,22,0,14,0,0,0,1,neutral,boon,boon,neutral,bane
Cherche,Cherche,Wyvern Friend,Green,Axe,19,9,5,7,2,20,10,6,8,3,21,11,7,9,4,43,35,22,29,12,46,38,25,32,16,49,41,29,35,19,0,12,0,0,0,1,neutral,boon,bane,boon,bane
Chrom,Chrom,Exalted Prince,Red,Sword,20,8,5,6,3,21,9,6,7,4,22,10,7,8,5,44,34,22,28,13,47,37,25,31,17,50,40,29,34,20,0,16,0,0,0,1,boon,boon,bane,boon,bane
Chrom (Exalted),Chrom,Knight Exalt,Red,Sword,18,8,5,7,3,19,9,6,8,4,20,10,7,9,5,37,34,24,31,13,41,37,28,34,17,44,40,31,37,20,0,16,0,0,0,1,neutral,boon,boon,boon,bane
Chrom (Spring),Chrom,Spring Exalt,Green,Axe,18,8,7,5,4,19,9,8,6,5,20,10,9,7,6,40,32,29,24,17,43,35,32,28,20,46,38,35,31,23,0,13,0,0,0,1,neutral,boon,boon,neutral,bane
Chrom (Winter),Chrom,Gifted Leader,Green,Axe,24,11,3,8,4,25,12,4,9,5,26,13,5,10,6,48,37,16,32,26,51,40,19,35,29,54,43,22,38,32,0,14,0,0,0,1,neutral,boon,bane,boon,boon
Clair,Clair,Highborn Flier,Blue,Lance,17,6,7,4,8,18,7,8,5,9,19,8,9,6,10,34,23,33,21,30,37,26,36,24,33,41,30,39,28,36,0,15,0,0,0,1,bane,boon,boon,neutral,neutral
Clarine,Clarine,Refined Noble,Colorless,Staff,15,5,8,4,6,16,6,9,5,7,17,7,10,6,8,32,22,30,19,25,35,25,33,22,29,39,29,36,25,32,0,12,0,0,0,1,neutral,neutral,boon,neutral,bane
Clarisse,Clarisse,Sniper in the Dark,Colorless,Bow,n/a,n/a,n/a,n/a,n/a,18,7,8,6,5,n/a,n/a,n/a,n/a,n/a,n/a,n/a,n/a,n/a,n/a,37,31,34,25,20,n/a,n/a,n/a,n/a,n/a,0,11,0,0,0,1,neutral,neutral,neutral,neutral,neutral
Clive,Clive,Idealistic Knight,Blue,Lance,n/a,n/a,n/a,n/a,n/a,19,9,6,8,4,n/a,n/a,n/a,n/a,n/a,n/a,n/a,n/a,n/a,n/a,42,31,23,30,17,n/a,n/a,n/a,n/a,n/a,0,15,0,0,0,1,neutral,neutral,neutral,neutral,neutral
Cordelia,Cordelia,Knight Paragon,Blue,Lance,17,8,8,4,5,18,9,9,5,6,19,10,10,6,7,36,32,32,19,22,40,35,35,22,25,43,38,38,25,29,0,8,-5,0,0,1,bane,boon,boon,neutral,bane
Cordelia (Bride),Cordelia,Perfect Bride,Colorless,Bow,16,8,8,3,4,17,9,9,4,5,18,10,10,5,6,33,32,32,16,19,36,35,35,19,22,40,38,38,22,25,0,12,0,0,0,1,neutral,boon,boon,bane,bane
Cordelia (Summer),Cordelia,Knight Paradise,Blue,Lance,16,7,9,5,4,17,8,10,6,5,18,9,11,7,6,38,29,35,24,14,41,32,38,28,18,44,35,41,31,21,0,14,0,0,0,1,neutral,boon,boon,neutral,bane
Corrin (Female),Corrin,Fateful Princess,Blue,Breath,18,7,5,7,5,19,8,6,8,6,20,9,7,9,7,37,24,31,31,18,41,27,34,34,21,44,31,37,37,24,0,13,0,0,0,1,bane,boon,boon,neutral,neutral
Corrin (Male),Corrin,Fateful Prince,Red,Sword,19,7,7,5,4,20,8,8,6,5,21,9,9,7,6,38,29,29,24,21,42,32,32,28,24,45,35,35,31,28,0,16,0,0,0,1,bane,boon,boon,neutral,bane
Corrin (New Year),Corrin,Enjoying Tradition,Colorless,Bow,n/a,n/a,n/a,n/a,n/a,18,8,8,6,5,n/a,n/a,n/a,n/a,n/a,n/a,n/a,n/a,n/a,n/a,37,32,30,34,18,n/a,n/a,n/a,n/a,n/a,0,12,0,0,0,1,neutral,neutral,neutral,neutral,neutral
Corrin (Summer),Corrin,Novice Vacationer,Blue,Tome,16,6,7,4,6,17,7,8,5,7,18,8,9,6,8,31,28,31,19,23,34,31,34,22,26,37,34,37,25,30,0,12,0,0,0,1,bane,boon,boon,bane,bane
Deirdre,Deirdre,Lady of the Forest,Green,Tome,16,8,5,2,8,17,9,6,3,9,18,10,7,4,10,33,30,24,12,32,36,33,28,16,35,40,36,31,19,38,0,14,0,0,0,1,bane,boon,boon,bane,boon
Delthea,Delthea,Free Spirit,Blue,Tome,15,9,7,2,6,16,10,8,3,7,17,11,9,4,8,30,33,31,10,28,33,36,34,13,31,36,39,37,17,34,0,14,0,0,0,1,neutral,boon,boon,bane,neutral
Donnel,Donnel,Village Hero,Blue,Lance,16,6,4,5,3,17,7,5,6,4,18,8,6,7,5,40,32,26,29,20,43,35,29,32,23,46,38,32,35,27,0,8,-5,0,0,1,neutral,boon,bane,neutral,bane
Dorcas,Dorcas,Serene Warrior,Green,Axe,18,8,5,8,4,19,9,6,9,5,20,10,7,10,6,42,32,20,32,21,45,35,23,35,24,48,38,26,38,28,0,16,0,0,0,1,neutral,boon,bane,boon,bane
Draug,Draug,Gentle Giant,Red,Sword,23,7,5,12,2,24,8,6,13,3,25,9,7,14,4,47,26,29,36,15,50,30,32,39,18,53,33,35,42,21,0,8,-5,0,0,1,bane,boon,boon,neutral,neutral
Effie,Effie,Army of One,Blue,Lance,21,11,4,10,3,22,12,5,11,4,23,13,6,12,5,47,37,19,29,20,50,40,22,33,23,53,43,25,36,27,0,15,0,0,0,1,neutral,boon,bane,boon,neutral
Eirika,Eirika,Restoration Lady,Red,Sword,17,6,8,6,5,18,7,9,7,6,19,8,10,8,7,39,23,32,23,24,42,26,35,26,28,45,30,38,30,31,0,16,0,0,0,1,bane,boon,boon,bane,bane
Eirika (SM),Eirika,Anamnesis Lady,Red,Tome,16,6,8,4,4,17,7,9,5,5,18,8,10,6,6,33,28,32,17,19,36,31,35,20,22,40,34,38,23,25,0,14,0,0,3,1,neutral,boon,boon,bane,neutral
Eldigan,Eldigan,Lionheart,Red,Sword,18,7,4,7,5,19,8,5,8,6,20,9,6,9,7,42,29,21,31,15,45,32,24,34,19,48,35,28,37,22,0,16,0,0,0,1,neutral,boon,boon,bane,bane
Elincia,Elincia,Lost Princess,Red,Sword,15,7,9,4,7,16,8,10,5,8,17,9,11,6,9,32,31,33,21,24,35,34,36,24,27,39,37,39,28,31,0,11,-2,0,0,1,bane,boon,boon,neutral,neutral
Elise,Elise,Budding Flower,Colorless,Staff,14,7,7,3,7,15,8,8,4,8,16,9,9,5,9,27,29,29,16,29,30,32,32,19,32,33,35,35,22,35,0,10,0,0,0,1,neutral,boon,boon,bane,neutral
Elise (Summer),Elise,Tropical Flower,Green,Tome,16,9,7,2,5,17,10,8,3,6,18,11,9,4,7,31,33,31,15,22,34,36,34,18,25,37,39,37,21,29,0,12,0,0,0,1,neutral,boon,boon,bane,neutral
Eliwood,Eliwood,Knight of Lycia,Red,Sword,16,6,7,5,7,17,7,8,6,8,18,8,9,7,9,35,28,26,20,29,39,31,30,23,32,42,34,33,26,35,0,16,0,0,0,1,neutral,boon,boon,bane,bane
Eliwood (LA),Eliwood,Devoted Love,Blue,Lance,n/a,n/a,n/a,n/a,n/a,23,10,8,7,7,n/a,n/a,n/a,n/a,n/a,n/a,n/a,n/a,n/a,n/a,44,36,30,26,26,n/a,n/a,n/a,n/a,n/a,0,14,0,0,0,1,neutral,neutral,neutral,neutral,neutral
Ephraim,Ephraim,Restoration Lord,Blue,Lance,18,8,5,7,4,19,9,6,8,5,20,10,7,9,6,42,32,22,29,17,45,35,25,32,20,48,38,29,35,23,0,16,0,0,0,1,neutral,boon,bane,boon,bane
Ephraim (Legendary),Ephraim,Legendary Lord,Blue,Lance,18,9,4,8,2,19,10,5,9,3,20,11,6,10,4,40,33,23,30,15,43,36,27,33,18,46,39,30,36,21,0,19,0,0,0,1,neutral,boon,bane,boon,bane
Est,Est,Junior Whitewing,Blue,Lance,16,8,7,4,7,17,9,8,5,8,18,10,9,6,9,33,32,26,21,29,36,35,30,24,32,40,38,33,28,35,0,12,0,0,0,1,bane,boon,neutral,neutral,boon
Fae,Fae,Divine Dragon,Green,Breath,15,4,3,5,7,16,5,4,6,8,17,6,5,7,9,43,30,25,22,26,46,33,28,25,30,50,36,31,29,33,0,13,0,0,0,1,bane,boon,boon,boon,neutral
Faye,Faye,Devoted Heart,Colorless,Bow,15,5,2,3,6,16,6,3,4,7,17,7,4,5,8,39,27,21,22,28,42,30,25,26,31,45,33,28,29,34,0,11,0,0,0,1,neutral,boon,bane,neutral,neutral
Felicia,Felicia,Maid Mayhem,Colorless,Dagger,14,5,10,2,8,15,6,11,3,9,16,7,12,4,10,31,20,34,15,32,34,23,37,18,35,38,26,40,21,38,0,10,0,0,0,1,neutral,boon,boon,bane,boon
Finn,Finn,Lance of Legend,Blue,Lance,n/a,n/a,n/a,n/a,n/a,18,8,9,8,3,n/a,n/a,n/a,n/a,n/a,n/a,n/a,n/a,n/a,n/a,40,34,33,32,18,n/a,n/a,n/a,n/a,n/a,0,8,-5,0,0,1,neutral,neutral,neutral,neutral,neutral
Fir,Fir,Sword Student,Red,Sword,18,5,9,4,6,19,6,10,5,7,20,7,11,6,8,37,22,33,21,28,41,25,36,24,31,44,29,39,28,34,0,11,0,0,0,1,bane,boon,boon,bane,neutral
Fjorm,Fjorm,Princess of Ice,Blue,Lance,16,7,6,7,7,17,8,7,8,8,18,9,8,9,9,35,26,28,26,31,39,30,31,30,34,42,33,34,33,37,0,16,0,0,0,1,bane,boon,neutral,neutral,neutral
Florina,Florina,Lovely Flier,Blue,Lance,17,6,7,5,7,18,7,8,6,8,19,8,9,7,9,39,25,24,22,31,42,29,27,25,34,45,32,31,29,37,0,12,0,0,0,1,bane,boon,neutral,bane,boon
Frederick,Frederick,Polite Knight,Green,Axe,18,8,5,7,3,19,9,6,8,4,20,10,7,9,5,40,32,22,33,11,43,35,25,36,14,46,38,29,39,18,0,12,0,0,0,1,neutral,boon,bane,neutral,bane
Frederick (Summer),Frederick,Horizon Watcher,Colorless,Dagger,17,7,6,5,4,18,8,7,6,5,19,9,8,7,6,36,29,28,24,14,40,32,31,28,18,43,35,34,31,21,0,10,0,0,0,1,neutral,boon,boon,boon,bane
Gaius,Gaius,Candy Stealer,Colorless,Dagger,17,6,9,4,3,18,7,10,5,4,19,8,11,6,5,39,25,33,19,16,42,29,36,22,19,45,32,39,25,22,0,7,0,0,0,1,neutral,boon,boon,neutral,bane
Gaius (Summer),Gaius,Thief Exposed,Colorless,Bow,16,7,8,3,5,17,8,9,4,6,18,9,10,5,7,31,26,34,16,24,34,30,37,19,28,37,33,40,22,31,0,12,0,0,0,1,neutral,boon,boon,bane,boon
Genny,Genny,Endearing Ally,Colorless,Staff,16,8,5,3,7,17,9,6,4,8,18,10,7,5,9,29,32,22,18,31,32,35,25,21,34,35,38,29,24,37,0,10,0,0,0,1,bane,boon,bane,bane,neutral
Gerome,Gerome,Masked Rider,Green,Axe,n/a,n/a,n/a,n/a,n/a,19,10,6,8,4,n/a,n/a,n/a,n/a,n/a,n/a,n/a,n/a,n/a,n/a,45,38,25,34,19,n/a,n/a,n/a,n/a,n/a,0,14,0,0,0,1,neutral,neutral,neutral,neutral,neutral
Gordin,Gordin,Altean Archer,Colorless,Bow,18,6,5,7,3,19,7,6,8,4,20,8,7,9,5,40,28,22,29,13,43,31,25,32,17,46,34,29,35,20,0,7,-5,0,0,1,bane,boon,bane,neutral,bane
Gray,Gray,Wry Comrade,Red,Sword,16,6,5,5,2,17,7,6,6,3,18,8,7,7,4,40,32,29,27,19,43,35,32,30,22,46,38,35,33,26,0,14,0,0,0,1,bane,boon,neutral,boon,bane
Gunnthrá,Gunnthrá,Voice of Dreams,Green,Tome,14,6,8,5,5,15,7,9,6,6,16,8,10,7,7,33,28,30,15,22,37,31,33,19,25,40,34,36,22,29,0,14,0,0,3,1,neutral,boon,neutral,bane,neutral
Gunter,Gunter,Inveterate Soldier,Green,Axe,20,9,6,10,4,21,10,7,11,5,22,11,8,12,6,39,28,21,29,14,43,32,24,33,18,46,35,27,36,21,0,15,0,0,0,1,neutral,boon,neutral,boon,bane
Gwendolyn,Gwendolyn,Adorable Knight,Blue,Lance,22,7,4,11,5,23,8,5,12,6,24,9,6,13,7,46,26,21,35,24,49,30,24,38,28,52,33,28,41,31,0,11,0,0,0,1,bane,boon,boon,bane,neutral
Hana,Hana,Focused Samurai,Red,Sword,17,8,9,5,3,18,9,10,6,4,19,10,11,7,5,34,32,33,20,22,37,35,36,23,26,41,38,39,26,29,0,12,0,0,0,1,bane,boon,boon,neutral,bane
Hardin,Hardin,Dark Emperor,Blue,Lance,22,7,5,9,7,23,8,6,10,8,24,9,7,11,9,41,31,24,33,29,45,34,28,36,32,48,37,31,39,35,0,16,0,0,0,1,bane,boon,bane,boon,boon
Hawkeye,Hawkeye,Desert Guardian,Green,Axe,20,8,4,5,5,21,9,5,6,6,22,10,6,7,7,42,30,19,24,27,45,33,22,28,30,48,36,25,31,33,0,11,0,0,0,1,neutral,boon,bane,neutral,neutral
Hector,Hector,General of Ostia,Green,Axe,23,9,4,10,3,24,10,5,11,4,25,11,6,12,5,49,33,21,34,16,52,36,24,37,19,55,39,28,40,22,0,16,0,0,0,1,bane,boon,bane,boon,neutral
Hector (LA),Hector,Just Here to Fight,Green,Axe,23,7,3,11,6,24,8,4,12,7,25,9,5,13,8,47,35,18,37,21,50,38,21,40,24,53,42,24,43,27,0,16,0,0,0,1,bane,boon,bane,boon,neutral
Hector (Legendary),Hector,Marquess of Ostia,Green,Axe,22,9,5,11,3,23,10,6,12,4,24,11,7,13,5,44,37,20,35,22,47,40,23,38,26,50,44,26,41,29,0,16,0,3,0,1,bane,boon,bane,boon,neutral
Henry,Henry,Twisted Mind,Red,Tome,18,5,4,7,5,19,6,5,8,6,20,7,6,9,7,42,20,19,29,22,45,23,22,32,25,48,26,25,35,29,0,11,0,0,0,1,neutral,boon,bane,boon,neutral
Henry (Halloween),Henry,Happy Vampire,Green,Tome,16,8,9,3,11,17,9,10,4,12,18,10,11,5,13,33,30,31,22,33,36,33,34,26,36,40,36,37,29,39,0,12,0,0,0,1,bane,boon,boon,neutral,bane
Hinata,Hinata,Wild Samurai,Red,Sword,20,7,4,9,2,21,8,5,10,3,22,9,6,11,4,44,29,21,33,15,47,32,24,36,18,50,35,28,39,21,0,12,0,0,0,1,neutral,boon,bane,boon,bane
Hinoka,Hinoka,Warrior Princess,Blue,Lance,18,6,7,5,6,19,7,8,6,7,20,8,9,7,8,37,32,29,22,21,41,35,32,25,24,44,38,35,29,27,0,8,-5,0,0,1,bane,boon,boon,neutral,bane
Hinoka (WF),Hinoka,Blue Sky Warrior,Colorless,Bow,17,5,8,3,6,18,6,9,4,7,19,7,10,5,8,34,29,32,13,25,37,32,35,17,29,41,35,38,20,32,0,14,3,0,0,1,bane,boon,boon,neutral,neutral
Ike,Ike,Young Mercenary,Red,Sword,17,8,6,7,4,18,9,7,8,5,19,10,8,9,6,39,32,28,29,14,42,35,31,32,18,45,38,34,35,21,0,16,0,0,0,1,neutral,boon,boon,boon,bane
Ike (Brave),Ike,Brave Mercendary,Green,Axe,16,9,5,8,4,17,10,6,9,5,18,11,7,10,6,40,33,24,32,17,43,36,28,35,20,46,39,31,38,23,0,16,0,0,0,1,bane,boon,boon,boon,bane
Ike (Legendary),Ike,Vanguard Legend,Red,Sword,18,9,5,8,3,19,10,6,9,4,20,11,7,10,5,37,33,27,32,18,41,36,30,35,21,44,39,33,38,24,0,16,0,0,0,1,bane,boon,boon,boon,bane
Inigo,Inigo,Indigo Dancer,Green,Tome,14,5,6,4,2,15,6,7,5,3,16,7,8,6,4,33,24,30,19,17,37,28,33,22,20,40,31,36,25,23,0,12,0,0,0,1,bane,boon,boon,neutral,bane
Innes,Innes,Royal Strategician,Colorless,Bow,15,8,7,3,6,16,9,8,4,7,17,10,9,5,8,32,30,31,11,28,35,33,34,14,31,39,36,37,18,34,0,14,0,0,0,1,neutral,boon,boon,bane,neutral
Innes (Summer),Innes,Flawless Form,Green,Axe,17,8,8,5,4,18,9,9,6,5,19,10,10,7,6,39,30,34,27,17,42,33,37,30,20,45,36,40,33,23,0,14,0,0,0,1,bane,boon,boon,neutral,bane
Ishtar,Ishtar,Thunder Goddess,Blue,Tome,15,7,9,3,6,16,8,10,4,7,17,9,11,5,8,34,31,33,13,23,38,34,36,17,26,41,37,39,20,30,0,14,0,0,0,1,bane,boon,boon,bane,bane
Jaffar,Jaffar,Angel of Death,Colorless,Dagger,16,6,8,5,4,17,7,9,6,5,18,8,10,7,6,38,23,30,22,19,41,26,33,25,22,44,30,36,29,25,0,11,0,0,0,1,bane,boon,neutral,bane,bane
Jagen,Jagen,Veteran Knight,Blue,Lance,19,7,6,7,10,20,8,7,8,11,21,9,8,9,12,34,24,21,22,32,37,27,24,25,35,40,30,27,28,38,0,15,0,0,0,1,neutral,boon,neutral,bane,neutral
Jakob,Jakob,Devoted Servant,Colorless,Dagger,16,6,8,5,4,17,7,9,6,5,18,8,10,7,6,35,25,27,22,21,39,29,31,25,24,42,32,34,29,28,0,10,0,0,0,1,neutral,neutral,boon,bane,neutral
Jakob (Halloween),Jakob,Devoted Monster,Colorless,Bow,19,8,5,8,7,20,9,6,9,8,21,10,7,10,9,38,32,20,30,29,42,35,23,33,32,45,38,26,36,35,0,12,0,0,0,1,neutral,boon,bane,boon,boon
Jeorge,Jeorge,Perfect Shot,Colorless,Bow,17,7,7,4,4,18,8,8,5,5,19,9,9,6,6,34,29,29,21,19,37,32,32,24,22,41,35,35,28,25,0,14,0,0,0,1,neutral,boon,boon,bane,bane
Joshua,Joshua,Tempest King,Red,Sword,n/a,n/a,n/a,n/a,n/a,18,7,9,8,6,n/a,n/a,n/a,n/a,n/a,n/a,n/a,n/a,n/a,n/a,40,31,35,30,28,n/a,n/a,n/a,n/a,n/a,0,16,0,0,0,1,neutral,neutral,neutral,neutral,neutral
Julia,Julia,Naga's Blood,Green,Tome,15,8,6,3,7,16,9,7,4,8,17,10,8,5,9,34,32,23,13,29,38,35,26,17,32,41,38,30,20,35,0,14,0,0,0,1,bane,boon,boon,bane,neutral
Julius,Julius,Scion of Darkness,Red,Tome,n/a,n/a,n/a,n/a,n/a,16,9,8,3,9,n/a,n/a,n/a,n/a,n/a,n/a,n/a,n/a,n/a,n/a,38,35,27,16,35,n/a,n/a,n/a,n/a,n/a,0,14,0,0,3,1,neutral,neutral,neutral,neutral,neutral
Kagero,Kagero,Honorable Ninja,Colorless,Dagger,15,8,7,4,5,16,9,8,5,6,17,10,9,6,7,28,32,29,19,24,31,35,32,22,28,34,38,35,25,31,0,5,0,0,0,1,bane,boon,boon,bane,neutral
Kagero (Spring),Kagero,Spring Ninja,Colorless,Dagger,16,8,7,4,4,17,9,8,5,5,18,10,9,6,6,33,32,31,14,23,36,35,34,18,27,40,38,37,21,30,0,12,0,0,0,1,bane,boon,boon,bane,neutral
Kana (F),Kana,Dragon Princess,Green,Breath,17,7,7,6,6,18,8,8,7,7,19,9,9,8,8,36,26,31,30,23,40,30,34,33,26,43,33,37,36,30,0,14,0,0,0,1,bane,boon,boon,boon,neutral
Kana (M),Kana,Dragon Spawn,Blue,Breath,n/a,n/a,n/a,n/a,n/a,18,9,7,7,7,n/a,n/a,n/a,n/a,n/a,n/a,n/a,n/a,n/a,n/a,40,31,33,31,29,n/a,n/a,n/a,n/a,n/a,0,14,0,0,0,1,neutral,neutral,neutral,neutral,neutral
Karel,Karel,Sword Demon,Red,Sword,18,7,8,5,4,19,8,9,6,5,20,9,10,7,6,44,26,32,22,17,47,30,35,25,20,50,33,38,29,23,0,13,0,0,0,1,bane,boon,boon,neutral,bane
Karla,Karla,Sword Vassal,Red,Sword,17,6,9,5,6,18,7,10,6,7,19,8,11,7,8,39,32,37,20,19,42,35,40,23,22,45,38,44,26,25,0,16,0,0,0,1,bane,boon,boon,neutral,bane
Katarina,Katarina,Wayward One,Red,Tome,16,5,7,4,7,17,6,8,5,8,18,7,9,6,9,31,29,31,12,29,34,32,34,15,32,37,35,37,19,35,0,10,0,0,0,1,bane,boon,boon,bane,neutral
Kaze,Kaze,Easygoing Ninja,Colorless,Dagger,16,5,9,3,7,17,6,10,4,8,18,7,11,5,9,31,27,33,13,31,34,30,36,17,34,37,33,39,20,37,0,12,0,0,0,1,neutral,boon,boon,bane,boon
Klein,Klein,Silver Nobleman,Colorless,Bow,17,8,6,4,4,18,9,7,5,5,19,10,8,6,6,36,27,30,17,21,40,31,33,20,24,43,34,36,23,28,0,7,-5,0,0,1,neutral,boon,boon,neutral,bane
Lachesis,Lachesis,Ligonheart's Sister,Colorless,Staff,16,5,7,4,7,17,6,8,5,8,18,7,9,6,9,35,29,22,19,26,39,32,25,22,30,42,35,28,25,33,0,7,0,0,0,1,bane,boon,neutral,neutral,neutral
L'Arachel,L'Arachel,Princess of Light,Blue,Tome,15,8,6,3,6,16,9,7,4,7,17,10,8,5,8,30,30,28,13,28,33,33,31,17,31,36,36,34,20,34,0,14,0,3,0,1,neutral,boon,boon,bane,neutral
Laslow,Laslow,Dancing Duelist,Red,Sword,19,8,6,5,4,20,9,7,6,5,21,10,8,7,6,41,32,23,27,19,44,35,26,30,22,47,38,30,33,25,0,15,0,0,0,1,neutral,boon,boon,boon,bane
Legault,Legault,The Hurricane,Colorless,Dagger,16,6,9,6,3,17,7,10,7,4,18,8,11,8,5,35,28,35,21,16,39,31,38,24,19,42,34,41,27,22,0,12,0,0,0,1,neutral,boon,boon,neutral,bane
Legion,Legion,Masked Maniac,Green,Axe,n/a,n/a,n/a,n/a,n/a,20,10,9,5,3,n/a,n/a,n/a,n/a,n/a,n/a,n/a,n/a,n/a,n/a,46,36,35,22,18,n/a,n/a,n/a,n/a,n/a,0,14,0,0,0,1,neutral,neutral,neutral,neutral,neutral
Leif,Leif,Prince of Leonster,Red,Sword,17,5,9,7,5,18,6,10,8,6,19,7,11,9,7,36,29,35,26,20,40,32,38,30,23,43,35,41,33,26,0,16,0,3,0,1,bane,boon,boon,neutral,bane
Lene,Lene,Yearning Dancer,Red,Sword,15,5,6,3,5,16,6,7,4,6,17,7,8,5,7,32,24,32,20,24,35,28,35,23,28,39,32,38,27,31,0,14,0,0,0,1,bane,boon,boon,neutral,neutral
Leo,Leo,Sorcerous Prince,Red,Tome,16,6,4,5,7,17,7,5,6,8,18,8,6,7,9,35,25,19,22,26,39,29,22,25,30,42,32,25,29,33,0,14,0,0,0,1,neutral,boon,bane,boon,neutral
Leo (Summer),Leo,Seashore's Prince,Red,Tome,17,7,4,5,6,18,8,5,6,7,19,9,6,7,8,34,29,23,13,32,37,32,27,16,35,41,35,30,20,38,0,12,0,0,0,1,bane,boon,boon,bane,neutral
Leon,Leon,True of Heart,Colorless,Bow,16,7,5,7,4,17,8,6,8,5,18,9,7,9,6,35,31,27,26,12,39,34,30,30,15,42,37,33,33,19,0,12,0,0,0,1,bane,boon,boon,boon,bane
Lilina,Lilina,Delightful Noble,Red,Tome,15,8,5,3,8,16,9,6,4,9,17,10,7,5,10,32,34,22,16,27,35,37,25,19,31,39,40,29,22,34,0,13,0,0,0,1,neutral,boon,neutral,bane,boon
Lilina (LA),Lilina,Blush of Youth,Green,Tome,16,8,7,4,3,17,9,8,5,4,18,10,9,6,5,31,32,26,17,22,34,35,30,20,26,37,38,33,23,29,0,12,0,0,0,1,neutral,boon,boon,bane,bane
Linde,Linde,Light Mage,Blue,Tome,15,8,9,3,4,16,9,10,4,5,17,10,11,5,6,32,32,33,11,23,35,35,36,14,27,39,38,39,18,30,0,14,0,0,0,1,bane,boon,boon,bane,neutral
Linde (Summer),Linde,Summer Rays,Colorless,Dagger,15,7,8,2,6,16,8,9,3,7,17,9,10,4,8,30,31,32,12,23,33,34,35,16,26,36,37,38,19,30,0,12,0,0,0,1,neutral,boon,boon,bane,neutral
Linus,Linus,Mad Dog,Green,Axe,n/a,n/a,n/a,n/a,n/a,18,9,9,8,4,n/a,n/a,n/a,n/a,n/a,n/a,n/a,n/a,n/a,n/a,42,37,33,32,19,n/a,n/a,n/a,n/a,n/a,0,16,0,0,0,1,neutral,neutral,neutral,neutral,neutral
Lissa,Lissa,Sprightly Cleric,Colorless,Staff,16,6,5,5,7,17,7,6,6,8,18,8,7,7,9,35,23,22,24,26,39,26,25,28,30,42,30,29,31,33,0,10,0,0,0,1,neutral,boon,bane,boon,boon
Lissa (Winter),Lissa,Pure Joy,Green,Axe,20,8,7,8,7,21,9,8,9,8,22,10,9,10,9,39,30,26,32,31,43,33,30,35,34,46,36,33,38,37,0,14,0,0,0,1,bane,boon,neutral,boon,boon
Lloyd,Lloyd,White Wolf,Red,Sword,n/a,n/a,n/a,n/a,n/a,17,8,9,5,8,n/a,n/a,n/a,n/a,n/a,n/a,n/a,n/a,n/a,n/a,41,32,35,20,30,n/a,n/a,n/a,n/a,n/a,0,16,0,0,0,1,neutral,neutral,neutral,neutral,neutral
Lon'qu,Lon'qu,Solitary Blade,Red,Sword,18,6,10,4,4,19,7,11,5,5,20,8,12,6,6,42,26,36,19,19,45,29,39,22,22,48,32,42,25,25,0,11,0,0,0,1,bane,boon,boon,neutral,bane
Lucina,Lucina,Future Witness,Red,Sword,18,7,9,5,3,19,8,10,6,4,20,9,11,7,5,40,31,33,22,16,43,34,36,25,19,46,37,39,29,22,0,16,0,0,0,1,neutral,boon,boon,neutral,bane
Lucina (Brave),Lucina,Brave Princess,Blue,Lance,16,7,9,7,3,17,8,10,8,4,18,9,11,9,5,38,31,33,24,16,41,34,36,27,19,44,37,39,31,22,0,16,0,3,0,1,neutral,boon,boon,boon,bane
Lucina (Spring),Lucina,Spring Exalt,Blue,Tome,15,6,9,4,5,16,7,10,5,6,17,8,11,6,7,32,25,33,19,22,35,29,36,22,25,39,32,39,25,29,0,11,0,0,0,1,neutral,boon,boon,neutral,bane
Lucius,Lucius,The Light,Colorless,Staff,17,5,7,2,8,18,6,8,3,9,19,7,9,4,10,34,29,26,10,32,37,32,30,13,35,41,35,33,17,38,0,10,0,0,0,1,neutral,neutral,boon,bane,boon
Lukas,Lukas,Sharp Soldier,Blue,Lance,18,8,4,9,3,19,9,5,10,4,20,10,6,11,5,42,32,19,35,13,45,35,22,38,17,48,38,25,41,20,0,11,0,0,0,1,neutral,boon,bane,boon,bane
Luke,Luke,Rowdy Squire,Red,Sword,18,7,5,7,4,19,8,6,8,5,20,9,7,9,6,40,31,24,26,17,43,34,28,30,20,46,37,31,33,23,0,8,-5,0,0,1,boon,boon,neutral,neutral,bane
Lute,Lute,Prodigy,Blue,Tome,15,9,7,2,7,16,10,8,3,8,17,11,9,4,9,30,33,29,12,31,33,36,32,16,34,36,39,35,19,37,0,14,3,0,0,1,bane,boon,boon,bane,neutral
Lyn,Lyn,Lady of the Plains,Red,Sword,17,5,10,6,4,18,6,11,7,5,19,7,12,8,6,34,24,34,23,26,37,28,37,26,29,41,31,40,30,32,0,16,0,0,0,1,bane,boon,neutral,boon,bane
Lyn (Brave),Lyn,Brave Lady,Colorless,Bow,15,6,8,4,5,16,7,9,5,6,17,8,10,6,7,32,30,32,14,24,35,33,35,18,28,39,36,38,21,31,0,14,3,0,0,1,bane,boon,boon,bane,neutral
Lyn (Bride),Lyn,Bride of the Plains,Colorless,Staff,16,5,9,5,4,17,6,10,6,5,18,7,11,7,6,35,24,31,20,21,39,28,34,23,24,42,31,37,26,28,0,11,0,0,0,1,neutral,boon,boon,neutral,bane
Lyn (LA),Lyn,Wind's Embrace,Blue,Tome,17,8,9,4,9,18,9,10,5,10,19,10,11,6,11,34,27,33,23,31,37,31,36,27,34,41,34,39,30,37,0,12,0,0,0,1,neutral,boon,boon,neutral,bane
Lyn (Legendary),Lyn,Lady of the Wind,Green,Bow,16,8,9,3,4,17,9,10,4,5,18,10,11,5,6,33,27,33,18,23,36,31,36,21,27,40,34,39,24,30,0,14,0,0,3,1,bane,boon,boon,bane,neutral
Lyon,Lyon,Shadow Prince,Red,Tome,n/a,n/a,n/a,n/a,n/a,19,10,4,4,8,n/a,n/a,n/a,n/a,n/a,n/a,n/a,n/a,n/a,n/a,41,34,21,26,30,n/a,n/a,n/a,n/a,n/a,0,14,0,0,0,1,neutral,neutral,neutral,neutral,neutral
Mae,Mae,Bundle of Energy,Blue,Tome,15,9,6,2,7,16,10,7,3,8,17,11,8,4,9,32,33,28,12,26,35,36,31,16,30,39,39,34,19,33,0,10,0,0,0,1,bane,boon,boon,bane,neutral
Maria,Maria,Minerva's Sister,Colorless,Staff,16,4,7,3,9,17,5,8,4,10,18,6,9,5,11,33,23,31,16,28,36,27,34,19,32,40,30,37,22,35,0,11,0,0,0,1,neutral,neutral,boon,bane,bane
Marisa,Marisa,Crimson Flash,Red,Sword,n/a,n/a,n/a,n/a,n/a,18,8,10,6,6,n/a,n/a,n/a,n/a,n/a,n/a,n/a,n/a,n/a,n/a,46,30,36,30,21,n/a,n/a,n/a,n/a,n/a,0,13,0,0,0,1,neutral,neutral,neutral,neutral,neutral
Marth,Marth,Altean Prince,Red,Sword,18,6,7,6,5,19,7,8,7,6,20,8,9,8,7,37,28,31,25,20,41,31,34,29,23,44,34,37,32,26,0,16,0,0,0,1,neutral,boon,boon,neutral,bane
Marth (Groom),Marth,Altean Groom,Green,Axe,n/a,n/a,n/a,n/a,n/a,18,7,10,6,5,n/a,n/a,n/a,n/a,n/a,n/a,n/a,n/a,n/a,n/a,40,31,36,30,20,n/a,n/a,n/a,n/a,n/a,0,14,0,0,0,1,neutral,neutral,neutral,neutral,neutral
Marth (Masked),Marth,Enighmatic Blade,Red,Sword,n/a,n/a,n/a,n/a,n/a,19,8,10,6,4,n/a,n/a,n/a,n/a,n/a,n/a,n/a,n/a,n/a,n/a,43,34,36,25,19,n/a,n/a,n/a,n/a,n/a,0,16,0,0,0,1,neutral,neutral,neutral,neutral,neutral
Mathilda,Mathilda,Legendary Knight,Blue,Lance,15,6,7,6,7,16,7,8,7,8,17,8,9,8,9,32,25,29,21,31,35,29,32,24,34,39,32,35,27,37,0,14,0,0,0,1,neutral,boon,neutral,bane,boon
Matthew,Matthew,Faithful Spy,Colorless,Dagger,16,5,9,5,4,17,6,10,6,5,18,7,11,7,6,38,22,31,27,14,41,25,34,30,18,44,29,37,33,21,0,7,0,0,0,1,bane,boon,boon,neutral,bane
Merric,Merric,Wind Mage,Green,Tome,18,6,7,5,3,19,7,8,6,4,20,8,9,7,5,40,23,29,24,16,43,26,32,28,19,46,30,35,31,22,0,14,0,0,0,1,bane,boon,boon,neutral,bane
Mia,Mia,Lady of Blades,Red,Sword,15,7,11,5,5,16,8,12,6,6,17,9,13,7,7,34,29,37,24,22,38,32,40,28,25,41,35,43,31,29,0,19,0,0,0,1,bane,boon,boon,neutral,bane
Micaiah,Micaiah,Priestess of Dawn,Blue,Tome,15,8,5,4,8,16,9,6,5,9,17,10,7,6,10,32,32,24,14,32,35,35,28,18,35,39,38,31,21,38,0,14,0,0,3,1,bane,boon,neutral,bane,neutral
Michalis,Michalis,Ambitious King,Green,Axe,n/a,n/a,n/a,n/a,n/a,19,8,7,9,4,n/a,n/a,n/a,n/a,n/a,n/a,n/a,n/a,n/a,n/a,43,34,26,35,19,n/a,n/a,n/a,n/a,n/a,0,16,0,0,0,1,neutral,neutral,neutral,neutral,neutral
Minerva,Minerva,Red Dragon,Green,Axe,17,6,8,7,4,18,7,9,8,5,19,8,10,9,6,36,28,30,29,19,40,31,33,32,22,43,34,36,35,25,0,16,0,0,0,1,bane,boon,boon,neutral,bane
Mist,Mist,Helpful Sister,Colorless,Staff,16,7,5,4,7,17,8,6,5,8,18,9,7,6,9,35,24,24,17,31,39,27,28,20,34,42,31,31,23,37,0,12,0,0,0,1,neutral,boon,boon,bane,boon
Morgan (Female),Morgan,Lass from Afar,Blue,Tome,17,7,5,2,8,18,8,6,3,9,19,9,7,4,10,34,31,27,12,30,37,34,30,16,33,41,37,33,19,36,0,12,0,0,0,1,bane,boon,neutral,neutral,boon
Morgan (Male),Morgan,Lad from Afar,Red,Tome,17,6,7,4,6,18,7,8,5,7,19,8,9,6,8,34,30,31,17,23,37,33,34,20,26,41,36,37,23,30,0,14,0,3,0,1,neutral,boon,boon,bane,bane
Myrrh,Myrrh,Great Dragon,Green,Breath,15,6,5,2,6,16,7,6,3,7,17,8,7,4,8,39,30,22,32,28,42,33,25,36,31,45,36,29,39,34,0,19,0,0,0,1,neutral,boon,bane,boon,neutral
Nanna,Nanna,Nordion Princess,Colorless,Staff,16,4,7,5,6,17,5,8,6,7,18,6,9,7,8,33,23,31,18,23,36,27,34,21,26,40,30,37,24,30,0,7,0,0,0,1,bane,boon,boon,bane,neutral
Narcian,Narcian,Wyvern General,Green,Axe,n/a,n/a,n/a,n/a,n/a,18,7,7,8,7,n/a,n/a,n/a,n/a,n/a,n/a,n/a,n/a,n/a,n/a,42,29,29,32,26,n/a,n/a,n/a,n/a,n/a,0,12,0,0,0,1,neutral,neutral,neutral,neutral,neutral
Navarre,Navarre,Scarlet Sword,Red,Sword,n/a,n/a,n/a,n/a,n/a,18,7,11,6,5,n/a,n/a,n/a,n/a,n/a,n/a,n/a,n/a,n/a,n/a,42,31,37,23,24,n/a,n/a,n/a,n/a,n/a,0,11,0,0,0,1,neutral,neutral,neutral,neutral,neutral
Nephenee,Nephenee,Fierce Halberdier,Blue,Lance,17,6,8,7,4,18,7,9,8,5,19,8,10,9,6,34,28,32,31,17,37,31,35,34,20,41,34,38,37,23,0,14,0,0,0,1,bane,boon,boon,boon,bane
Niles,Niles,Cruel to Be Kind,Colorless,Bow,17,5,7,3,7,18,6,8,4,8,19,7,9,5,9,34,22,31,13,31,37,25,34,17,34,41,29,37,20,37,0,9,0,0,0,1,neutral,neutral,boon,bane,boon
Ninian,Ninian,Oracle of Destiny,Blue,Breath,15,4,6,5,4,16,5,7,6,5,17,6,8,7,6,39,21,30,20,23,42,24,33,23,27,45,28,36,26,30,0,13,0,0,0,1,bane,boon,boon,neutral,neutral
Ninian (Bride),Ninian,Bright-Eyed Bride,Blue,Tome,14,5,6,2,4,15,6,7,3,5,16,7,8,4,6,31,24,30,15,23,34,28,33,18,27,38,31,36,21,30,0,12,0,0,0,1,bane,boon,boon,bane,neutral
Nino,Nino,Pious Mage,Green,Tome,15,6,9,3,6,16,7,10,4,7,17,8,11,5,8,30,30,33,16,23,33,33,36,19,26,36,36,39,22,30,0,13,0,0,0,1,neutral,boon,boon,bane,neutral
Nino (SF),Nino,Pale Flower,Green,Tome,16,6,9,3,5,17,7,10,4,6,18,8,11,5,7,33,30,35,13,22,36,33,38,17,25,40,36,41,20,29,0,14,3,0,0,1,neutral,boon,boon,neutral,bane
Noire (Summer),Noire,Shade Seeker,Colorless,Bow,16,7,9,4,4,17,8,10,5,5,18,9,11,6,6,33,29,33,23,17,36,32,36,27,20,40,35,39,30,23,0,12,0,0,0,1,neutral,boon,boon,neutral,bane
Nowi,Nowi,Eternal Youth,Blue,Breath,16,5,4,5,4,17,6,5,6,5,18,7,6,7,6,42,31,23,27,23,45,34,27,30,27,48,37,30,33,30,0,11,0,0,0,1,bane,boon,boon,boon,neutral
Nowi (Halloween),Nowi,Eternal Witch,Red,Tome,16,7,5,4,7,17,8,6,5,8,18,9,7,6,9,31,31,29,17,24,34,34,32,20,27,37,37,35,23,31,0,14,0,0,0,1,neutral,boon,boon,bane,neutral
Oboro,Oboro,Fierce Fighter,Blue,Lance,17,7,6,8,4,18,8,7,9,5,19,9,8,10,6,36,29,23,32,21,40,32,26,35,24,43,35,30,38,28,0,12,0,0,0,1,neutral,boon,bane,boon,boon
Odin,Odin,Potent Force,Blue,Tome,18,4,7,5,5,19,5,8,6,6,20,6,9,7,7,40,19,29,22,22,43,22,32,25,25,46,25,35,29,29,0,13,0,0,0,1,neutral,boon,boon,neutral,bane
Ogma,Ogma,Loyal Blade,Red,Sword,20,6,9,5,2,21,7,10,6,3,22,8,11,7,4,44,32,31,24,10,47,35,34,28,13,50,38,37,31,17,0,8,-5,0,0,1,bane,boon,boon,neutral,bane
Oliver,Oliver,Admirer of Beauty,Blue,Tome,n/a,n/a,n/a,n/a,n/a,18,8,5,6,8,n/a,n/a,n/a,n/a,n/a,n/a,n/a,n/a,n/a,n/a,42,32,20,23,34,n/a,n/a,n/a,n/a,n/a,0,13,0,0,0,1,neutral,neutral,neutral,neutral,neutral
Olivia,Olivia,Blushing Beauty,Red,Sword,16,5,6,4,3,17,6,7,5,4,18,7,8,6,5,33,24,30,23,22,36,28,33,27,26,40,31,36,30,29,0,15,0,0,0,1,neutral,boon,boon,neutral,bane
Olivia (PA),Olivia,Festival Dancer,Colorless,Dagger,14,5,7,2,3,15,6,8,3,4,16,7,9,4,5,31,24,31,12,25,34,28,34,16,28,38,31,37,19,31,0,10,0,0,0,1,bane,boon,boon,bane,boon
Olwen,Olwen,Blue Mage Knight,Blue,Tome,16,6,7,4,5,17,7,8,5,6,18,8,9,6,7,31,23,31,17,27,34,26,34,20,30,37,30,37,23,33,0,9,-5,0,0,1,bane,boon,boon,bane,neutral
Olwen (WT),Olwen,Righteous Knight,Green,Tome,16,7,8,3,4,17,8,9,4,5,18,9,10,5,6,31,26,32,16,23,34,30,35,19,27,37,33,38,22,30,0,14,0,0,0,1,bane,boon,boon,bane,neutral
Oscar,Oscar,Agile Hoseman,Blue,Lance,17,6,7,6,5,18,7,8,7,6,19,8,9,8,7,36,30,31,23,18,40,33,34,26,21,43,36,37,30,24,0,12,0,0,0,1,neutral,boon,boon,neutral,bane
Palla,Palla,Eldest Whitewing,Red,Sword,17,6,8,5,6,18,7,9,6,7,19,8,10,7,8,39,28,27,24,23,42,31,31,28,26,45,34,34,31,30,0,12,0,0,0,1,bane,boon,boon,neutral,bane
Peri,Peri,Playful Slayer,Blue,Lance,15,8,8,5,5,16,9,9,6,6,17,10,10,7,7,32,30,30,20,27,35,33,33,23,30,39,36,36,26,33,0,11,0,0,0,1,bane,boon,boon,bane,neutral
Priscilla,Priscilla,Delicate Princess,Colorless,Staff,16,6,6,3,7,17,7,7,4,8,18,8,8,5,9,33,25,25,16,29,36,29,29,19,32,40,32,32,22,35,0,11,0,0,0,1,neutral,boon,boon,bane,neutral
Raigh,Raigh,Dark Child,Red,Tome,16,7,6,4,6,17,8,7,5,7,18,9,8,6,8,33,29,25,19,25,36,32,29,22,29,40,35,32,25,32,0,10,0,0,0,1,neutral,neutral,boon,bane,neutral
Raven,Raven,Peerless Fighter,Green,Axe,18,7,8,5,4,19,8,9,6,5,20,9,10,7,6,37,31,32,22,19,41,34,35,25,22,44,37,38,29,25,0,8,-5,0,0,1,bane,boon,boon,bane,bane
Rebecca,Rebecca,Wildflower,Colorless,Bow,17,6,7,5,4,18,7,8,6,5,19,8,9,7,6,34,25,31,18,23,37,29,34,21,27,41,32,37,24,30,0,13,0,0,0,1,bane,boon,boon,bane,neutral
Reinhardt,Reinhardt,Thunder's Fist,Blue,Tome,15,7,5,4,7,16,8,6,5,8,17,9,7,6,9,34,29,20,23,22,38,32,23,27,25,41,35,26,30,28,0,9,-5,0,0,1,neutral,boon,bane,neutral,neutral
Reinhardt (WT),Reinhardt,Thunder's Sword,Red,Sword,17,8,5,6,5,18,9,6,7,6,19,10,7,8,7,36,32,20,28,24,40,35,23,31,28,43,38,26,34,31,0,11,-5,0,0,1,neutral,boon,bane,neutral,neutral
Rhajat,Rhajat,Black Magician,Green,Tome,16,8,7,3,6,17,9,8,4,7,18,10,9,5,8,33,32,31,18,21,36,35,34,21,24,40,38,37,24,27,0,12,0,0,0,1,neutral,boon,boon,bane,neutral
Robin (Fallen),Robin,Fell Reincarnation,Green,Breath,23,9,6,8,4,24,10,7,9,5,25,11,8,10,6,45,37,21,32,23,48,40,24,35,27,51,44,27,38,30,0,16,0,0,0,1,bane,boon,bane,boon,neutral
Robin (Female),Robin,Mystery Tactician,Green,Tome,n/a,n/a,n/a,n/a,n/a,18,7,7,7,5,n/a,n/a,n/a,n/a,n/a,n/a,n/a,n/a,n/a,n/a,40,39,29,29,22,n/a,n/a,n/a,n/a,n/a,0,10,0,0,0,1,neutral,neutral,neutral,neutral,neutral
Robin (Legendary),Robin,Fell Vessel,Colorless,Breath,15,7,8,7,5,16,8,9,8,6,17,9,10,9,7,37,29,32,26,22,40,32,35,30,25,43,35,38,33,29,0,16,0,0,0,1,bane,boon,boon,neutral,boon
Robin (Male),Robin,High Deliverer,Blue,Tome,17,6,6,6,4,18,7,7,7,5,19,8,8,8,6,36,25,25,25,19,40,29,29,29,22,43,32,32,32,25,0,11,0,0,0,1,neutral,boon,bane,neutral,bane
Robin (Summer),Robin,Seaside Tactician,Blue,Lance,17,7,7,5,6,18,8,8,6,7,19,9,9,7,8,32,29,31,24,25,35,32,34,28,29,38,35,37,31,32,0,14,0,0,0,1,bane,neutral,boon,bane,bane
Robin (Winter),Robin,Festive Tactician,Blue,Lance,22,8,7,8,5,23,9,8,9,6,24,10,9,10,7,41,32,31,32,22,45,35,34,35,25,48,38,37,38,29,0,14,0,0,0,1,neutral,boon,boon,boon,bane
Roderick,Roderick,Steady Squire,Blue,Lance,17,6,7,5,6,18,7,8,6,7,19,8,9,7,8,36,28,31,22,21,40,31,34,25,24,43,34,37,29,27,0,15,0,0,0,1,neutral,boon,boon,neutral,bane
Roy,Roy,Young Lion,Red,Sword,19,7,8,5,3,20,8,9,6,4,21,9,10,7,5,41,26,27,22,25,44,30,31,25,28,47,33,34,29,31,0,16,0,0,0,1,bane,boon,neutral,boon,neutral
Roy (Brave),Roy,Brave Lion,Red,Sword,15,7,7,6,6,16,8,8,7,7,17,9,9,8,8,34,29,31,23,21,38,32,34,26,24,41,35,37,30,27,0,19,0,0,0,1,neutral,boon,boon,neutral,bane
Roy (LA),Roy,Youthful Gifts,Colorless,Bow,16,8,5,4,5,17,9,6,5,6,18,10,7,6,7,31,32,15,23,27,34,35,19,27,30,37,38,22,30,33,0,12,0,0,0,1,neutral,boon,bane,neutral,boon
Ryoma,Ryoma,Peerless Samurai,Red,Sword,18,7,10,4,3,19,8,11,5,4,20,9,12,6,5,37,31,32,23,18,41,34,35,27,21,44,37,38,30,24,0,16,0,0,0,1,bane,boon,neutral,neutral,bane
Ryoma (Legendary),Ryoma,Supreme Samurai,Red,Sword,16,7,10,5,4,17,8,11,6,5,18,9,12,7,6,38,31,36,24,17,41,34,39,28,20,44,37,42,31,23,0,16,0,0,0,1,bane,boon,boon,neutral,bane
Saber,Saber,Driven Mercenary,Red,Sword,17,6,8,7,4,18,7,9,8,5,19,8,10,9,6,36,28,30,29,19,40,31,33,32,22,43,34,36,35,25,0,14,0,0,0,1,neutral,boon,boon,neutral,bane
Saias,Saias,Bishop of Flame,Blue,Tome,n/a,n/a,n/a,n/a,n/a,17,7,8,5,8,n/a,n/a,n/a,n/a,n/a,n/a,n/a,n/a,n/a,n/a,36,33,30,18,34,n/a,n/a,n/a,n/a,n/a,0,14,0,0,0,1,neutral,neutral,neutral,neutral,neutral
Saizo,Saizo,Angry Ninja,Colorless,Dagger,16,6,7,8,2,17,7,8,9,3,18,8,9,10,4,33,25,31,30,12,36,29,34,33,16,40,32,37,36,19,0,9,0,0,0,1,neutral,boon,boon,boon,bane
Sakura,Sakura,Loving Priestess,Colorless,Staff,16,5,7,4,7,17,6,8,5,8,18,7,9,6,9,33,24,26,21,26,36,28,30,24,30,40,31,33,28,33,0,12,0,0,0,1,boon,boon,boon,neutral,bane
Sakura (Halloween),Sakura,Gentle Nekomata,Colorless,Dagger,15,7,7,3,7,16,8,8,4,8,17,9,9,5,9,30,29,31,11,31,33,32,34,14,34,36,35,37,18,37,0,8,0,0,0,1,neutral,boon,boon,bane,neutral
Sanaki,Sanaki,Begnion's Apostle,Red,Tome,15,8,6,3,7,16,9,7,4,8,17,10,8,5,9,30,34,23,13,31,33,37,26,17,34,36,40,30,20,37,0,14,0,0,0,1,bane,boon,boon,bane,neutral
Sanaki (Bride),Sanaki,Apostle in White,Green,Tome,15,9,7,2,6,16,10,8,3,7,17,11,9,4,8,32,33,26,12,30,35,36,30,16,33,39,39,33,19,36,0,17,0,0,0,1,bane,boon,neutral,bane,neutral
Selena,Selena,Cutting Wit,Red,Sword,17,5,8,7,5,18,6,9,8,6,19,7,10,9,7,34,22,32,29,24,37,25,35,32,28,41,29,38,35,31,0,12,0,0,0,1,neutral,boon,neutral,neutral,bane
Seliph,Seliph,Heir of Light,Red,Sword,18,7,6,7,4,19,8,7,8,5,20,9,8,9,6,44,31,21,26,19,47,34,24,30,22,50,37,27,33,25,0,16,0,0,0,1,neutral,boon,neutral,boon,bane
Serra,Serra,Outspoken Cleric,Colorless,Staff,15,5,8,3,8,16,6,9,4,9,17,7,10,5,10,30,27,27,18,30,33,30,31,21,33,36,33,34,24,36,0,7,0,0,0,1,neutral,boon,boon,neutral,bane
Seth,Seth,Silver Knight,Red,Sword,17,7,6,7,4,18,8,7,8,5,19,9,8,9,6,34,29,28,29,19,37,32,31,32,22,41,35,34,35,25,0,12,0,0,0,1,neutral,boon,neutral,boon,bane
Setsuna,Setsuna,Absent Archer,Colorless,Bow,17,5,8,4,5,18,6,9,5,6,19,7,10,6,7,34,24,34,19,20,37,28,37,22,23,41,31,40,25,26,0,11,0,0,0,1,neutral,boon,boon,bane,bane
Shanna,Shanna,Sprightly Flier,Blue,Lance,16,7,8,5,6,17,8,9,6,7,18,9,10,7,8,35,26,32,22,25,39,30,35,25,29,42,33,38,29,32,0,11,0,0,0,1,neutral,boon,boon,bane,neutral
Sharena,Sharena,Princess of Askr,Blue,Lance,n/a,n/a,n/a,n/a,n/a,19,8,10,7,5,n/a,n/a,n/a,n/a,n/a,n/a,n/a,n/a,n/a,n/a,43,32,32,29,22,n/a,n/a,n/a,n/a,n/a,0,16,0,0,0,1,neutral,neutral,neutral,neutral,neutral
Sharena (Spring),Sharena,Spring Princess,Green,Tome,17,7,9,2,5,18,8,10,3,6,19,9,11,4,7,34,29,33,12,27,37,32,36,16,30,41,35,39,19,33,0,14,0,0,3,1,bane,boon,boon,bane,neutral
Sheena,Sheena,Princess of Gra,Green,Axe,20,7,5,11,6,21,8,6,12,7,22,9,7,13,8,42,26,22,33,30,45,30,25,36,33,48,33,29,39,36,0,11,0,0,0,1,neutral,neutral,bane,boon,boon
Shigure (PA),Shigure,Dark Sky Singer,Blue,Tome,14,6,4,3,4,15,7,5,4,5,16,8,6,5,6,31,28,26,18,21,34,31,29,21,24,38,34,32,24,28,0,12,0,0,0,1,bane,boon,boon,bane,neutral
Shigure (WF),Shigure,Uplifting Artist,Blue,Lance,17,6,8,4,7,18,7,9,5,8,19,8,10,6,9,36,30,34,23,22,40,33,37,27,25,43,36,40,30,28,0,13,0,0,0,1,neutral,boon,boon,neutral,bane
Shiro,Shiro,Raw Talent,Blue,Lance,18,8,5,8,4,19,9,6,9,5,20,10,7,10,6,37,32,27,32,19,41,35,30,35,22,44,38,33,38,25,0,16,0,0,0,1,neutral,boon,neutral,boon,bane
Siegbert,Siegbert,Future King,Red,Sword,18,7,8,6,2,19,8,9,7,3,20,9,10,8,4,37,31,32,28,12,41,34,35,31,16,44,37,38,34,19,0,16,0,0,0,1,neutral,boon,boon,neutral,bane
Sigurd,Sigurd,Holy Knight,Red,Sword,18,8,7,5,3,19,9,8,6,4,20,10,9,7,5,37,32,29,31,13,41,35,32,34,17,44,38,35,37,20,0,16,0,0,3,1,neutral,boon,boon,boon,bane
Soleil,Soleil,Adorable Adorer,Red,Sword,17,9,8,5,4,18,10,9,6,5,19,11,10,7,6,34,35,32,24,21,37,38,35,28,24,41,41,38,31,28,0,15,0,0,0,1,neutral,boon,boon,neutral,bane
Sonya,Sonya,Vengeful Mage,Green,Tome,16,6,6,4,7,17,7,7,5,8,18,8,8,6,9,33,30,28,12,29,36,33,31,15,32,40,36,34,19,35,0,14,0,0,0,1,neutral,boon,boon,bane,neutral
Sophia,Sophia,Nabata Prophet,Red,Tome,17,8,3,5,6,18,9,4,6,7,19,10,5,7,8,36,30,16,24,25,40,33,19,28,29,43,36,22,31,32,0,13,0,0,0,1,neutral,boon,bane,neutral,neutral
Soren,Soren,Shrewd Strategist,Green,Tome,16,6,8,3,6,17,7,9,4,7,18,8,10,5,8,33,30,30,13,25,36,33,33,17,29,40,36,36,20,32,0,13,0,0,0,1,bane,boon,boon,neutral,neutral
Sothe,Sothe,Zephyr,Colorless,Dagger,16,9,8,4,3,17,10,9,5,4,18,11,10,6,5,35,33,30,19,18,39,36,33,22,21,42,39,36,25,24,0,14,0,0,0,1,bane,boon,boon,bane,bane
Stahl,Stahl,Viridian Knight,Red,Sword,18,6,6,7,4,19,7,7,8,5,20,8,8,9,6,42,28,23,26,19,45,31,26,30,22,48,34,30,33,25,0,12,0,0,0,1,bane,boon,neutral,neutral,bane
Subaki,Subaki,Perfect Expert,Blue,Lance,17,5,8,8,4,18,6,9,9,5,19,7,10,10,6,36,22,32,32,19,40,25,35,35,22,43,29,38,38,25,0,12,0,0,0,1,bane,boon,boon,neutral,bane
Sully,Sully,Crimson Knight,Blue,Lance,17,6,7,6,5,18,7,8,7,6,19,8,9,8,7,39,23,31,21,24,42,26,34,24,28,45,30,37,27,31,0,12,0,0,0,1,bane,neutral,boon,neutral,neutral
Tailtiu,Tailtiu,Thunder Noble,Blue,Tome,16,7,8,3,5,17,8,9,4,6,18,9,10,5,7,35,29,32,13,22,39,32,35,17,25,42,35,38,20,29,0,13,0,0,0,1,neutral,boon,boon,neutral,bane
Takumi,Takumi,Wild Card,Colorless,Bow,17,7,6,5,4,18,8,7,6,5,19,9,8,7,6,36,29,30,22,14,40,32,33,25,18,43,35,36,29,21,0,14,0,0,0,1,neutral,boon,boon,neutral,bane
Takumi (Fallen),Takumi,Empty Vessel,Colorless,Bow,n/a,n/a,n/a,n/a,n/a,15,9,10,6,5,n/a,n/a,n/a,n/a,n/a,n/a,n/a,n/a,n/a,n/a,37,31,34,25,24,n/a,n/a,n/a,n/a,n/a,0,14,3,0,0,1,neutral,neutral,neutral,neutral,neutral
Takumi (New Year),Takumi,Prince of Soup,Colorless,Dagger,17,7,9,3,4,18,8,10,4,5,19,9,11,5,6,36,31,31,13,23,40,34,34,17,27,43,37,37,20,30,0,12,0,0,0,1,neutral,boon,boon,bane,neutral
Takumi (Summer),Takumi,Prince at Play,Colorless,Bow,17,8,6,5,3,18,9,7,6,4,19,10,8,7,5,36,32,32,18,16,40,35,35,21,19,43,38,38,24,22,0,12,0,0,0,1,neutral,boon,boon,bane,neutral
Tana,Tana,Winged Princess,Blue,Lance,16,7,9,5,5,17,8,10,6,6,18,9,11,7,7,33,31,33,22,22,36,34,36,25,25,40,37,39,29,29,0,16,0,0,0,1,bane,boon,boon,neutral,bane
Tana (Summer),Tana,Noble and Nimble,Red,Tome,15,6,9,4,5,16,7,10,5,6,17,8,11,6,7,32,30,33,17,22,35,33,36,20,25,39,36,39,23,29,0,14,3,0,0,1,bane,boon,boon,bane,bane
Tharja,Tharja,Dark Shadow,Red,Tome,16,7,7,5,4,17,8,8,6,5,18,9,9,7,6,35,29,31,20,17,39,32,34,23,20,42,35,37,26,23,0,13,0,0,0,1,neutral,boon,boon,bane,bane
Tharja (Bride),Tharja,Obsessive Bride,Red,Tome,16,8,8,5,3,17,9,9,6,4,18,10,10,7,5,35,32,32,18,18,39,35,35,21,21,42,38,38,24,24,0,14,3,0,0,1,neutral,boon,boon,bane,bane
Tharja (Winter),Tharja,"""Normal Girl""",Red,Tome,18,9,4,7,9,19,10,5,8,10,20,11,6,9,11,40,31,14,31,33,43,34,18,34,36,46,37,21,37,39,0,12,0,0,0,1,bane,boon,bane,boon,boon
Tiki (Adult),Tiki,Naga's Voice,Red,Breath,17,6,5,8,6,18,7,6,9,7,19,8,7,10,8,36,32,20,32,21,40,35,23,35,24,43,38,26,38,27,0,11,0,0,0,1,neutral,boon,bane,boon,boon
Tiki (Summer),Tiki,Summering Scion,Green,Axe,17,7,5,7,6,18,8,6,8,7,19,9,7,9,8,32,33,27,29,21,35,36,30,32,24,38,39,33,35,27,0,14,0,0,0,1,bane,boon,neutral,neutral,neutral
Tiki (Summer),Tiki,Beachside Scion,Red,Breath,15,6,3,7,3,16,7,4,8,4,17,8,5,9,5,37,30,33,29,22,40,33,37,32,26,43,36,40,35,29,0,16,0,3,0,1,bane,boon,boon,boon,boon
Tiki (Young),Tiki,Dragon Scion,Red,Breath,14,4,3,7,6,15,5,4,8,7,16,6,5,9,8,38,28,27,29,25,41,31,30,32,29,44,34,33,35,32,0,15,0,0,0,1,bane,neutral,boon,boon,neutral
Titania,Titania,Mighty Mercenary,Green,Axe,17,5,7,5,7,18,6,8,6,8,19,7,9,7,9,34,24,31,22,26,37,28,34,25,30,41,31,37,29,33,0,12,0,0,0,1,neutral,boon,boon,bane,boon
Tobin,Tobin,The Clueless One,Red,Sword,n/a,n/a,n/a,n/a,n/a,18,7,5,5,4,n/a,n/a,n/a,n/a,n/a,n/a,n/a,n/a,n/a,n/a,46,31,27,33,26,n/a,n/a,n/a,n/a,n/a,0,12,0,0,0,1,neutral,neutral,neutral,neutral,neutral
Ursula,Ursula,Blue Crow,Blue,Tome,n/a,n/a,n/a,n/a,n/a,16,7,8,4,8,n/a,n/a,n/a,n/a,n/a,n/a,n/a,n/a,n/a,n/a,35,29,32,19,30,n/a,n/a,n/a,n/a,n/a,0,10,0,0,0,1,neutral,neutral,neutral,neutral,neutral
Valter,Valter,Dark Moonstone,Blue,Lance,n/a,n/a,n/a,n/a,n/a,18,9,8,8,4,n/a,n/a,n/a,n/a,n/a,n/a,n/a,n/a,n/a,n/a,42,32,31,34,19,n/a,n/a,n/a,n/a,n/a,0,18,2,0,0,1,neutral,neutral,neutral,neutral,neutral
Virion,Virion,Elite Archer,Colorless,Bow,19,6,6,6,2,20,7,7,7,3,21,8,8,8,4,43,28,28,23,10,46,31,31,26,13,49,34,34,30,17,0,13,0,0,0,1,neutral,boon,boon,neutral,bane
Wrys,Wrys,Kindly Priest,Colorless,Staff,17,4,5,4,9,18,5,6,5,10,19,6,7,6,11,39,21,20,19,33,42,24,23,22,36,45,28,26,25,39,0,12,0,0,0,1,boon,bane,neutral,boon,boon
Xander,Xander,Paragon Knight,Red,Sword,n/a,n/a,n/a,n/a,n/a,20,8,5,9,4,n/a,n/a,n/a,n/a,n/a,n/a,n/a,n/a,n/a,n/a,44,32,24,37,17,n/a,n/a,n/a,n/a,n/a,0,16,0,0,0,1,neutral,neutral,neutral,neutral,neutral
Xander (Spring),Xander,Spring Prince,Blue,Lance,17,5,5,8,6,18,6,6,9,7,19,7,7,10,8,36,22,24,32,23,40,25,28,35,26,43,29,31,38,30,0,13,0,0,0,1,bane,boon,bane,boon,neutral
Xander (Summer),Xander,Student Swimmer,Green,Axe,18,7,5,7,5,19,8,6,8,6,20,9,7,9,7,40,29,27,33,13,43,32,30,36,16,46,35,33,39,20,0,14,0,0,0,1,boon,boon,neutral,boon,bane
Zelgius,Zelgius,Jet-Black General,Red,Sword,21,9,6,9,5,22,10,7,10,6,23,11,8,11,7,43,33,30,35,18,46,36,33,38,21,49,39,36,41,24,0,16,0,0,0,1,neutral,boon,boon,neutral,bane
Zephiel,Zephiel,The Liberator,Red,Sword,n/a,n/a,n/a,n/a,n/a,25,9,3,12,5,n/a,n/a,n/a,n/a,n/a,n/a,n/a,n/a,n/a,n/a,55,35,16,38,24,n/a,n/a,n/a,n/a,n/a,0,16,0,0,0,1,neutral,neutral,neutral,neutral,neutral
,,,,,,,,,,,,,,,,,,,,,,,,,,,,,,,,,,,0,0,0,0,0,,,,,,
,,,,,,,,,,,,,,,,,,,,,,,,,,,,,,,,,,,0,0,0,0,0,,,,,,
,,,,,,,,,,,,,,,,,,,,,,,,,,,,,,,,,,,0,0,0,0,0,,,,,,
,,,,,,,,,,,,,,,,,,,,,,,,,,,,,,,,,,,0,0,0,0,0,,,,,,
,,,,,,,,,,,,,,,,,,,,,,,,,,,,,,,,,,,0,0,0,0,0,,,,,,
,,,,,,,,,,,,,,,,,,,,,,,,,,,,,,,,,,,0,0,0,0,0,,,,,,
,,,,,,,,,,,,,,,,,,,,,,,,,,,,,,,,,,,0,0,0,0,0,,,,,,
,,,,,,,,,,,,,,,,,,,,,,,,,,,,,,,,,,,0,0,0,0,0,,,,,,
,,,,,,,,,,,,,,,,,,,,,,,,,,,,,,,,,,,0,0,0,0,0,,,,,,
,,,,,,,,,,,,,,,,,,,,,,,,,,,,,,,,,,,0,0,0,0,0,,,,,,
,,,,,,,,,,,,,,,,,,,,,,,,,,,,,,,,,,,0,0,0,0,0,,,,,,
,,,,,,,,,,,,,,,,,,,,,,,,,,,,,,,,,,,0,0,0,0,0,,,,,,
,,,,,,,,,,,,,,,,,,,,,,,,,,,,,,,,,,,0,0,0,0,0,,,,,,
,,,,,,,,,,,,,,,,,,,,,,,,,,,,,,,,,,,0,0,0,0,0,,,,,,
,,,,,,,,,,,,,,,,,,,,,,,,,,,,,,,,,,,0,0,0,0,0,,,,,,
,,,,,,,,,,,,,,,,,,,,,,,,,,,,,,,,,,,0,0,0,0,0,,,,,,
,,,,,,,,,,,,,,,,,,,,,,,,,,,,,,,,,,,0,0,0,0,0,,,,,,
,,,,,,,,,,,,,,,,,,,,,,,,,,,,,,,,,,,0,0,0,0,0,,,,,,
,,,,,,,,,,,,,,,,,,,,,,,,,,,,,,,,,,,0,0,0,0,0,,,,,,
,,,,,,,,,,,,,,,,,,,,,,,,,,,,,,,,,,,0,0,0,0,0,,,,,,
,,,,,,,,,,,,,,,,,,,,,,,,,,,,,,,,,,,0,0,0,0,0,,,,,,
,,,,,,,,,,,,,,,,,,,,,,,,,,,,,,,,,,,0,0,0,0,0,,,,,,
,,,,,,,,,,,,,,,,,,,,,,,,,,,,,,,,,,,0,0,0,0,0,,,,,,
,,,,,,,,,,,,,,,,,,,,,,,,,,,,,,,,,,,0,0,0,0,0,,,,,,
,,,,,,,,,,,,,,,,,,,,,,,,,,,,,,,,,,,0,0,0,0,0,,,,,,
,,,,,,,,,,,,,,,,,,,,,,,,,,,,,,,,,,,0,0,0,0,0,,,,,,
,,,,,,,,,,,,,,,,,,,,,,,,,,,,,,,,,,,0,0,0,0,0,,,,,,
,,,,,,,,,,,,,,,,,,,,,,,,,,,,,,,,,,,0,0,0,0,0,,,,,,
,,,,,,,,,,,,,,,,,,,,,,,,,,,,,,,,,,,0,0,0,0,0,,,,,,
,,,,,,,,,,,,,,,,,,,,,,,,,,,,,,,,,,,0,0,0,0,0,,,,,,
,,,,,,,,,,,,,,,,,,,,,,,,,,,,,,,,,,,0,0,0,0,0,,,,,,
,,,,,,,,,,,,,,,,,,,,,,,,,,,,,,,,,,,0,0,0,0,0,,,,,,
,,,,,,,,,,,,,,,,,,,,,,,,,,,,,,,,,,,0,0,0,0,0,,,,,,
,,,,,,,,,,,,,,,,,,,,,,,,,,,,,,,,,,,0,0,0,0,0,,,,,,
,,,,,,,,,,,,,,,,,,,,,,,,,,,,,,,,,,,0,0,0,0,0,,,,,,
,,,,,,,,,,,,,,,,,,,,,,,,,,,,,,,,,,,0,0,0,0,0,,,,,,
